testID,Status
1,D
2,D
3,D
4,D
5,D
6,D
7,D
8,D
9,D
10,D
11,D
12,D
13,D
14,D
15,D
16,D
17,D
18,D
19,D
20,D
21,D
22,D
23,D
24,D
25,D
26,D
27,D
28,D
29,D
30,D
31,D
32,D
33,D
34,D
35,D
36,D
37,D
38,D
39,D
40,D
41,D
42,D
43,D
44,D
45,D
46,D
47,C
48,C
49,C
50,D
51,D
52,D
53,C
54,D
55,CL
56,CL
57,CL
58,CL
59,CL
60,CL
61,CL
62,CL
63,CL
64,CL
65,CL
66,D
67,C
68,C
69,C
70,C
71,C
72,C
73,C
74,C
75,C
76,C
77,C
78,C
79,C
80,C
81,C
82,C
83,C
84,C
85,C
86,C
87,C
88,C